Starting new data acquisition : 2016-06-13 23:51:14.784820,
0.0,0.0,0.0,0.0,-0.4444444477558136,0.0,0.0,0.0,0.0,0.0,0.0,0.0,0.0,0.0,0.0,103.0,102.0,
1.0,0.0,0.0,0.0,-0.4444444477558136,0.0,0.0,0.0,0.0,0.0,132.888671875,0.0,0.0,0.0,0.0,102.9763412475586,102.25066375732422,
2.0,0.0,0.0,0.0,-0.4444444477558136,0.0,0.0,0.0,0.0,0.0,264.888671875,0.0,0.0,0.0,0.0,102.90574645996094,102.49738311767578,
3.0,0.0,0.0,0.0,-0.4444444477558136,0.0,0.0,0.0,0.0,0.0,396.0,0.0,0.0,0.0,0.0,102.7893295288086,102.73625183105469,
4.0,0.0,0.0,0.0,-0.4444444477558136,0.0,0.0,0.0,0.0,0.0,526.2216796875,0.0,0.0,0.0,0.0,102.62892150878906,102.96350860595703,
5.0,0.0,0.0,0.0,-0.4444444477558136,0.0,0.0,0.0,0.0,0.0,655.5556640625,0.0,0.0,0.0,0.0,102.42704772949219,103.17556762695312,
6.0,0.0,0.0,0.0,-0.4444444477558136,0.0,0.0,0.0,0.0,0.0,784.0,0.0,0.0,0.0,0.0,102.18690490722656,103.36909484863281,
7.0,0.0,0.0,0.0,-0.4444444477558136,0.0,0.0,0.0,0.0,0.0,911.5556640625,0.0,0.0,0.0,0.0,101.91226959228516,103.54102325439453,
8.0,0.0,0.0,0.0,-0.4444444477558136,0.0,0.0,0.0,0.0,0.0,1038.22265625,0.0,0.0,0.0,0.0,101.60748291015625,103.68865966796875,
9.0,0.0,0.0,0.0,-0.4444444477558136,0.0,0.0,0.0,0.0,0.0,1164.0,0.0,0.0,0.0,0.0,101.27733612060547,103.80965423583984,
10.0,0.0,0.0,0.0,-0.4444444477558136,0.0,0.0,0.0,0.0,0.0,1288.888671875,0.0,0.0,0.0,0.0,100.92704772949219,103.90211486816406,
11.0,0.0,0.0,0.0,-0.4444444477558136,0.0,0.0,0.0,0.0,0.0,1412.888671875,0.0,0.0,0.0,0.0,100.56214141845703,103.9645767211914,
12.0,0.0,0.0,0.0,-0.4444444477558136,0.0,0.0,0.0,0.0,0.0,1536.0,0.0,0.0,0.0,0.0,100.18836975097656,103.99605560302734,
13.0,0.0,0.0,0.0,-0.4444444477558136,0.0,0.0,0.0,0.0,0.0,1658.2216796875,0.0,0.0,0.0,0.0,99.81163024902344,103.99605560302734,
14.0,0.0,0.0,0.0,-0.4444444477558136,0.0,0.0,0.0,0.0,0.0,1779.5556640625,0.0,0.0,0.0,0.0,99.43785858154297,103.9645767211914,
15.0,0.0,0.0,0.0,-0.4444444477558136,0.0,0.0,0.0,0.0,0.0,1900.0,0.0,0.0,0.0,0.0,99.07295227050781,103.90211486816406,
16.0,0.0,0.0,0.0,-0.4444444477558136,0.0,0.0,0.0,0.0,0.0,2019.55517578125,0.0,0.0,0.0,0.0,98.72266387939453,103.80965423583984,
17.0,0.0,0.0,0.0,-0.4444444477558136,0.0,0.0,0.0,0.0,0.0,2138.22216796875,0.0,0.0,0.0,0.0,98.39251708984375,103.68865203857422,
18.0,0.0,0.0,0.0,-0.4444444477558136,0.0,0.0,0.0,0.0,0.0,2256.0,0.0,0.0,0.0,0.0,98.08773040771484,103.54102325439453,
19.0,0.0,0.0,0.0,-0.4444444477558136,0.0,0.0,0.0,0.0,0.0,2372.88916015625,0.0,0.0,0.0,0.0,97.81309509277344,103.36909484863281,
20.0,0.0,0.0,0.0,-0.4444444477558136,0.0,0.0,0.0,0.0,0.0,2488.888671875,0.0,0.0,0.0,0.0,97.57295227050781,103.17556762695312,
21.0,0.0,0.0,0.0,-0.4444444477558136,0.0,0.0,0.0,0.0,0.0,2604.0,0.0,0.0,0.0,0.0,97.37107849121094,102.96350860595703,
22.0,0.0,0.0,0.0,-0.4444444477558136,0.0,0.0,0.0,0.0,0.0,2718.22216796875,0.0,0.0,0.0,0.0,97.2106704711914,102.73625183105469,
23.0,0.0,0.0,0.0,-0.4444444477558136,0.0,0.0,0.0,0.0,0.0,2831.55517578125,0.0,0.0,0.0,0.0,97.09425354003906,102.49738311767578,
24.0,0.0,0.0,0.0,-0.4444444477558136,0.0,0.0,0.0,0.0,0.0,2944.0,0.0,0.0,0.0,0.0,97.0236587524414,102.25066375732422,
25.0,0.0,0.0,0.0,-0.4444444477558136,0.0,0.0,0.0,0.0,0.0,3055.55517578125,0.0,0.0,0.0,0.0,97.0,102.0,
26.0,0.0,0.0,0.0,-0.4444444477558136,0.0,0.0,0.0,0.0,0.0,3166.22216796875,0.0,0.0,0.0,0.0,97.0236587524414,101.74933624267578,
27.0,0.0,0.0,0.0,-0.4444444477558136,0.0,0.0,0.0,0.0,0.0,3276.0,0.0,0.0,0.0,0.0,97.09425354003906,101.50261688232422,
28.0,0.0,0.0,0.0,-0.4444444477558136,0.0,0.0,0.0,0.0,0.0,3384.88916015625,0.0,0.0,0.0,0.0,97.2106704711914,101.26374816894531,
29.0,0.0,0.0,0.0,-0.4444444477558136,0.0,0.0,0.0,0.0,0.0,3492.888671875,0.0,0.0,0.0,0.0,97.37107849121094,101.03649139404297,
30.0,0.0,0.0,0.0,-0.4444444477558136,0.0,0.0,0.0,0.0,0.0,3600.0,0.0,0.0,0.0,0.0,97.57295227050781,100.82443237304688,
31.0,0.0,0.0,0.0,-0.4444444477558136,0.0,0.0,0.0,0.0,0.0,3706.22216796875,0.0,0.0,0.0,0.0,97.81309509277344,100.63090515136719,
32.0,0.0,0.0,0.0,-0.4444444477558136,0.0,0.0,0.0,0.0,0.0,3811.55517578125,0.0,0.0,0.0,0.0,98.08773040771484,100.45897674560547,
33.0,0.0,0.0,0.0,-0.4444444477558136,0.0,0.0,0.0,0.0,0.0,3916.0,0.0,0.0,0.0,0.0,98.39251708984375,100.31134033203125,
34.0,0.0,0.0,0.0,-0.4444444477558136,0.0,0.0,0.0,0.0,0.0,4019.55517578125,0.0,0.0,0.0,0.0,98.72266387939453,100.19034576416016,
35.0,0.0,0.0,0.0,-0.4444444477558136,0.0,0.0,0.0,0.0,0.0,4122.22216796875,0.0,0.0,0.0,0.0,99.07295227050781,100.09788513183594,
36.0,0.0,0.0,0.0,-0.4444444477558136,0.0,0.0,0.0,0.0,0.0,4224.0,0.0,0.0,0.0,0.0,99.43785858154297,100.0354232788086,
37.0,0.0,0.0,0.0,-0.4444444477558136,0.0,0.0,0.0,0.0,0.0,4324.88916015625,0.0,0.0,0.0,0.0,99.81163024902344,100.00394439697266,
38.0,0.0,0.0,0.0,-0.4444444477558136,0.0,0.0,0.0,0.0,0.0,4424.888671875,0.0,0.0,0.0,0.0,100.18836975097656,100.00394439697266,
39.0,0.0,0.0,0.0,-0.4444444477558136,0.0,0.0,0.0,0.0,0.0,4524.0,0.0,0.0,0.0,0.0,100.56214141845703,100.0354232788086,
40.0,0.0,0.0,0.0,-0.4444444477558136,0.0,0.0,0.0,0.0,0.0,4622.22216796875,0.0,0.0,0.0,0.0,100.92704772949219,100.09788513183594,
41.0,0.0,0.0,0.0,-0.4444444477558136,0.0,0.0,0.0,0.0,0.0,4719.55517578125,0.0,0.0,0.0,0.0,101.27733612060547,100.19034576416016,
42.0,0.0,0.0,0.0,-0.4444444477558136,0.0,0.0,0.0,0.0,0.0,4816.0,0.0,0.0,0.0,0.0,101.60748291015625,100.31134796142578,
43.0,0.0,0.0,0.0,-0.4444444477558136,0.0,0.0,0.0,0.0,0.0,4911.55517578125,0.0,0.0,0.0,0.0,101.91226959228516,100.45897674560547,
44.0,0.0,0.0,0.0,-0.4444444477558136,0.0,0.0,0.0,0.0,0.0,5006.22216796875,0.0,0.0,0.0,0.0,102.18690490722656,100.63090515136719,
45.0,0.0,0.0,0.0,-0.4444444477558136,0.0,0.0,0.0,0.0,0.0,5100.0,0.0,0.0,0.0,0.0,102.42704772949219,100.82443237304688,
46.0,0.0,0.0,0.0,-0.4444444477558136,0.0,0.0,0.0,0.0,0.0,5192.88916015625,0.0,0.0,0.0,0.0,102.62892150878906,101.03649139404297,
47.0,0.0,0.0,0.0,-0.4444444477558136,0.0,0.0,0.0,0.0,0.0,5284.888671875,0.0,0.0,0.0,0.0,102.7893295288086,101.26374816894531,
48.0,0.0,0.0,0.0,-0.4444444477558136,0.0,0.0,0.0,0.0,0.0,5376.0,0.0,0.0,0.0,0.0,102.90574645996094,101.50261688232422,
49.0,0.0,0.0,0.0,-0.4444444477558136,0.0,0.0,0.0,0.0,0.0,5466.22216796875,0.0,0.0,0.0,0.0,102.9763412475586,101.74933624267578,
50.0,0.0,0.0,0.0,-0.4444444477558136,0.0,0.0,0.0,0.0,0.0,5555.55517578125,0.0,0.0,0.0,0.0,103.0,102.0,
51.0,0.0,0.0,0.0,-0.4444444477558136,0.0,0.0,0.0,0.0,0.0,5644.0,0.0,0.0,0.0,0.0,102.9763412475586,102.25067138671875,
52.0,0.0,0.0,0.0,-0.4444444477558136,0.0,0.0,0.0,0.0,0.0,5731.55517578125,0.0,0.0,0.0,0.0,102.90574645996094,102.49738311767578,
53.0,0.0,0.0,0.0,-0.4444444477558136,0.0,0.0,0.0,0.0,0.0,5818.22216796875,0.0,0.0,0.0,0.0,102.7893295288086,102.73625183105469,
54.0,0.0,0.0,0.0,-0.4444444477558136,0.0,0.0,0.0,0.0,0.0,5904.0,0.0,0.0,0.0,0.0,102.62892150878906,102.96350860595703,
55.0,0.0,0.0,0.0,-0.4444444477558136,0.0,0.0,0.0,0.0,0.0,5988.888671875,0.0,0.0,0.0,0.0,102.42704772949219,103.17556762695312,
56.0,0.0,0.0,0.0,-0.4444444477558136,0.0,0.0,0.0,0.0,0.0,6072.888671875,0.0,0.0,0.0,0.0,102.18690490722656,103.36909484863281,
57.0,0.0,0.0,0.0,-0.4444444477558136,0.0,0.0,0.0,0.0,0.0,6156.0,0.0,0.0,0.0,0.0,101.91226959228516,103.54102325439453,
58.0,0.0,0.0,0.0,-0.4444444477558136,0.0,0.0,0.0,0.0,0.0,6238.22216796875,0.0,0.0,0.0,0.0,101.60748291015625,103.68865966796875,
59.0,0.0,0.0,0.0,-0.4444444477558136,0.0,0.0,0.0,0.0,0.0,6319.5556640625,0.0,0.0,0.0,0.0,101.27733612060547,103.80965423583984,
60.0,0.0,0.0,0.0,-0.4444444477558136,0.0,0.0,0.0,0.0,0.0,6400.0,0.0,0.0,0.0,0.0,100.92704772949219,103.90211486816406,
61.0,0.0,0.0,0.0,-0.4444444477558136,0.0,0.0,0.0,0.0,0.0,6479.5556640625,0.0,0.0,0.0,0.0,100.56214141845703,103.9645767211914,
62.0,0.0,0.0,0.0,-0.4444444477558136,0.0,0.0,0.0,0.0,0.0,6558.22216796875,0.0,0.0,0.0,0.0,100.18836975097656,103.99605560302734,
63.0,0.0,0.0,0.0,-0.4444444477558136,0.0,0.0,0.0,0.0,0.0,6636.0,0.0,0.0,0.0,0.0,99.81163024902344,103.99605560302734,
64.0,0.0,0.0,0.0,-0.4444444477558136,0.0,0.0,0.0,0.0,0.0,6712.888671875,0.0,0.0,0.0,0.0,99.43785858154297,103.9645767211914,
65.0,0.0,0.0,0.0,-0.4444444477558136,0.0,0.0,0.0,0.0,0.0,6788.888671875,0.0,0.0,0.0,0.0,99.07295227050781,103.90211486816406,
66.0,0.0,0.0,0.0,-0.4444444477558136,0.0,0.0,0.0,0.0,0.0,6864.0,0.0,0.0,0.0,0.0,98.72266387939453,103.80965423583984,
67.0,0.0,0.0,0.0,-0.4444444477558136,0.0,0.0,0.0,0.0,0.0,6938.22216796875,0.0,0.0,0.0,0.0,98.39251708984375,103.68865966796875,
68.0,0.0,0.0,0.0,-0.4444444477558136,0.0,0.0,0.0,0.0,0.0,7011.5556640625,0.0,0.0,0.0,0.0,98.08772277832031,103.54102325439453,
69.0,0.0,0.0,0.0,-0.4444444477558136,0.0,0.0,0.0,0.0,0.0,7084.0,0.0,0.0,0.0,0.0,97.81309509277344,103.36909484863281,
70.0,0.0,0.0,0.0,-0.4444444477558136,0.0,0.0,0.0,0.0,0.0,7155.5556640625,0.0,0.0,0.0,0.0,97.57294464111328,103.17556762695312,
71.0,0.0,0.0,0.0,-0.4444444477558136,0.0,0.0,0.0,0.0,0.0,7226.22216796875,0.0,0.0,0.0,0.0,97.37107849121094,102.96350860595703,
72.0,0.0,0.0,0.0,-0.4444444477558136,0.0,0.0,0.0,0.0,0.0,7296.0,0.0,0.0,0.0,0.0,97.2106704711914,102.73625183105469,
73.0,0.0,0.0,0.0,-0.4444444477558136,0.0,0.0,0.0,0.0,0.0,7364.888671875,0.0,0.0,0.0,0.0,97.09425354003906,102.49738311767578,
74.0,0.0,0.0,0.0,-0.4444444477558136,0.0,0.0,0.0,0.0,0.0,7432.888671875,0.0,0.0,0.0,0.0,97.0236587524414,102.25066375732422,
75.0,0.0,0.0,0.0,-0.4444444477558136,0.0,0.0,0.0,0.0,0.0,7500.0,0.0,0.0,0.0,0.0,97.0,102.0,
76.0,0.0,0.0,0.0,-0.4444444477558136,0.0,0.0,0.0,0.0,0.0,7566.22216796875,0.0,0.0,0.0,0.0,97.0236587524414,101.74933624267578,
77.0,0.0,0.0,0.0,-0.4444444477558136,0.0,0.0,0.0,0.0,0.0,7631.5556640625,0.0,0.0,0.0,0.0,97.09425354003906,101.50261688232422,
78.0,0.0,0.0,0.0,-0.4444444477558136,0.0,0.0,0.0,0.0,0.0,7696.0,0.0,0.0,0.0,0.0,97.2106704711914,101.26374816894531,
79.0,0.0,0.0,0.0,-0.4444444477558136,0.0,0.0,0.0,0.0,0.0,7759.5556640625,0.0,0.0,0.0,0.0,97.37107849121094,101.03649139404297,
80.0,0.0,0.0,0.0,-0.4444444477558136,0.0,0.0,0.0,0.0,0.0,7822.22216796875,0.0,0.0,0.0,0.0,97.57295227050781,100.82443237304688,
81.0,0.0,0.0,0.0,-0.4444444477558136,0.0,0.0,0.0,0.0,0.0,7884.0,0.0,0.0,0.0,0.0,97.81309509277344,100.63090515136719,
82.0,0.0,0.0,0.0,-0.4444444477558136,0.0,0.0,0.0,0.0,0.0,7944.888671875,0.0,0.0,0.0,0.0,98.08773040771484,100.45897674560547,
83.0,0.0,0.0,0.0,-0.4444444477558136,0.0,0.0,0.0,0.0,0.0,8004.888671875,0.0,0.0,0.0,0.0,98.39251708984375,100.31134033203125,
84.0,0.0,0.0,0.0,-0.4444444477558136,0.0,0.0,0.0,0.0,0.0,8064.0,0.0,0.0,0.0,0.0,98.72266387939453,100.19034576416016,
85.0,0.0,0.0,0.0,-0.4444444477558136,0.0,0.0,0.0,0.0,0.0,8122.22216796875,0.0,0.0,0.0,0.0,99.07294464111328,100.09788513183594,
86.0,0.0,0.0,0.0,-0.4444444477558136,0.0,0.0,0.0,0.0,0.0,8179.5556640625,0.0,0.0,0.0,0.0,99.43785858154297,100.0354232788086,
87.0,0.0,0.0,0.0,-0.4444444477558136,0.0,0.0,0.0,0.0,0.0,8236.0,0.0,0.0,0.0,0.0,99.81163024902344,100.00394439697266,
88.0,0.0,0.0,0.0,-0.4444444477558136,0.0,0.0,0.0,0.0,0.0,8291.5556640625,0.0,0.0,0.0,0.0,100.1883773803711,100.00394439697266,
89.0,0.0,0.0,0.0,-0.4444444477558136,0.0,0.0,0.0,0.0,0.0,8346.22265625,0.0,0.0,0.0,0.0,100.56214141845703,100.0354232788086,
90.0,0.0,0.0,0.0,-0.4444444477558136,0.0,0.0,0.0,0.0,0.0,8400.0,0.0,0.0,0.0,0.0,100.92705535888672,100.09788513183594,
91.0,0.0,0.0,0.0,-0.4444444477558136,0.0,0.0,0.0,0.0,0.0,8452.888671875,0.0,0.0,0.0,0.0,101.27734375,100.19034576416016,
92.0,0.0,0.0,0.0,-0.4444444477558136,0.0,0.0,0.0,0.0,0.0,8504.888671875,0.0,0.0,0.0,0.0,101.60748291015625,100.31134033203125,
93.0,0.0,0.0,0.0,-0.4444444477558136,0.0,0.0,0.0,0.0,0.0,8556.0,0.0,0.0,0.0,0.0,101.91226959228516,100.45897674560547,
94.0,0.0,0.0,0.0,-0.4444444477558136,0.0,0.0,0.0,0.0,0.0,8606.22265625,0.0,0.0,0.0,0.0,102.18690490722656,100.63090515136719,
95.0,0.0,0.0,0.0,-0.4444444477558136,0.0,0.0,0.0,0.0,0.0,8655.5556640625,0.0,0.0,0.0,0.0,102.42705535888672,100.82443237304688,
96.0,0.0,0.0,0.0,-0.4444444477558136,0.0,0.0,0.0,0.0,0.0,8704.0,0.0,0.0,0.0,0.0,102.62892150878906,101.03649139404297,
97.0,0.0,0.0,0.0,-0.4444444477558136,0.0,0.0,0.0,0.0,0.0,8751.5556640625,0.0,0.0,0.0,0.0,102.7893295288086,101.26374816894531,
98.0,0.0,0.0,0.0,-0.4444444477558136,0.0,0.0,0.0,0.0,0.0,8798.22265625,0.0,0.0,0.0,0.0,102.90574645996094,101.50262451171875,
99.0,0.0,0.0,0.0,-0.4444444477558136,0.0,0.0,0.0,0.0,0.0,8844.0,0.0,0.0,0.0,0.0,102.9763412475586,101.74933624267578,
100.0,0.0,0.0,0.0,-0.4444444477558136,0.0,0.0,0.0,0.0,0.0,8888.888671875,0.0,0.0,0.0,0.0,103.0,102.0,
101.0,0.0,0.0,0.0,-0.4444444477558136,0.0,0.0,0.0,0.0,0.0,8932.888671875,0.0,0.0,0.0,0.0,102.9763412475586,102.25066375732422,
102.0,0.0,0.0,0.0,-0.4444444477558136,0.0,0.0,0.0,0.0,0.0,8976.0,0.0,0.0,0.0,0.0,102.90574645996094,102.49738311767578,
103.0,0.0,0.0,0.0,-0.4444444477558136,0.0,0.0,0.0,0.0,0.0,9018.22265625,0.0,0.0,0.0,0.0,102.7893295288086,102.73625183105469,
104.0,0.0,0.0,0.0,-0.4444444477558136,0.0,0.0,0.0,0.0,0.0,9059.5556640625,0.0,0.0,0.0,0.0,102.62892150878906,102.96350860595703,
105.0,0.0,0.0,0.0,-0.4444444477558136,0.0,0.0,0.0,0.0,0.0,9100.0,0.0,0.0,0.0,0.0,102.42704772949219,103.17556762695312,
106.0,0.0,0.0,0.0,-0.4444444477558136,0.0,0.0,0.0,0.0,0.0,9139.5556640625,0.0,0.0,0.0,0.0,102.18690490722656,103.36909484863281,
107.0,0.0,0.0,0.0,-0.4444444477558136,0.0,0.0,0.0,0.0,0.0,9178.22265625,0.0,0.0,0.0,0.0,101.91226959228516,103.54103088378906,
108.0,0.0,0.0,0.0,-0.4444444477558136,0.0,0.0,0.0,0.0,0.0,9216.0,0.0,0.0,0.0,0.0,101.60747528076172,103.68865966796875,
109.0,0.0,0.0,0.0,-0.4444444477558136,0.0,0.0,0.0,0.0,0.0,9252.888671875,0.0,0.0,0.0,0.0,101.27733612060547,103.80965423583984,
110.0,0.0,0.0,0.0,-0.4444444477558136,0.0,0.0,0.0,0.0,0.0,9288.888671875,0.0,0.0,0.0,0.0,100.92704772949219,103.90211486816406,
111.0,0.0,0.0,0.0,-0.4444444477558136,0.0,0.0,0.0,0.0,0.0,9324.0,0.0,0.0,0.0,0.0,100.56214141845703,103.9645767211914,
112.0,0.0,0.0,0.0,-0.4444444477558136,0.0,0.0,0.0,0.0,0.0,9358.22265625,0.0,0.0,0.0,0.0,100.18836975097656,103.99605560302734,
113.0,0.0,0.0,0.0,-0.4444444477558136,0.0,0.0,0.0,0.0,0.0,9391.5556640625,0.0,0.0,0.0,0.0,99.81163024902344,103.99605560302734,
114.0,0.0,0.0,0.0,-0.4444444477558136,0.0,0.0,0.0,0.0,0.0,9424.0,0.0,0.0,0.0,0.0,99.43785858154297,103.9645767211914,
115.0,0.0,0.0,0.0,-0.4444444477558136,0.0,0.0,0.0,0.0,0.0,9455.5556640625,0.0,0.0,0.0,0.0,99.07294464111328,103.90211486816406,
116.0,0.0,0.0,0.0,-0.4444444477558136,0.0,0.0,0.0,0.0,0.0,9486.22265625,0.0,0.0,0.0,0.0,98.72266387939453,103.80965423583984,
117.0,0.0,0.0,0.0,-0.4444444477558136,0.0,0.0,0.0,0.0,0.0,9516.0,0.0,0.0,0.0,0.0,98.39251708984375,103.68865203857422,
118.0,0.0,0.0,0.0,-0.4444444477558136,0.0,0.0,0.0,0.0,0.0,9544.888671875,0.0,0.0,0.0,0.0,98.08773040771484,103.54102325439453,
119.0,0.0,0.0,0.0,-0.4444444477558136,0.0,0.0,0.0,0.0,0.0,9572.888671875,0.0,0.0,0.0,0.0,97.81309509277344,103.36909484863281,
120.0,0.0,0.0,0.0,-0.4444444477558136,0.0,0.0,0.0,0.0,0.0,9600.0,0.0,0.0,0.0,0.0,97.57294464111328,103.17556762695312,
121.0,0.0,0.0,0.0,-0.4444444477558136,0.0,0.0,0.0,0.0,0.0,9626.22265625,0.0,0.0,0.0,0.0,97.37107849121094,102.96350860595703,
122.0,0.0,0.0,0.0,-0.4444444477558136,0.0,0.0,0.0,0.0,0.0,9651.5556640625,0.0,0.0,0.0,0.0,97.2106704711914,102.73625183105469,
123.0,0.0,0.0,0.0,-0.4444444477558136,0.0,0.0,0.0,0.0,0.0,9676.0,0.0,0.0,0.0,0.0,97.09425354003906,102.49738311767578,
124.0,0.0,0.0,0.0,-0.4444444477558136,0.0,0.0,0.0,0.0,0.0,9699.5556640625,0.0,0.0,0.0,0.0,97.0236587524414,102.25066375732422,
125.0,0.0,0.0,0.0,-0.4444444477558136,0.0,0.0,0.0,0.0,0.0,9722.22265625,0.0,0.0,0.0,0.0,97.0,102.0,
126.0,0.0,0.0,0.0,-0.4444444477558136,0.0,0.0,0.0,0.0,0.0,9744.0,0.0,0.0,0.0,0.0,97.0236587524414,101.74932861328125,
127.0,0.0,0.0,0.0,-0.4444444477558136,0.0,0.0,0.0,0.0,0.0,9764.888671875,0.0,0.0,0.0,0.0,97.09425354003906,101.50261688232422,
128.0,0.0,0.0,0.0,-0.4444444477558136,0.0,0.0,0.0,0.0,0.0,9784.888671875,0.0,0.0,0.0,0.0,97.2106704711914,101.26374816894531,
129.0,0.0,0.0,0.0,-0.4444444477558136,0.0,0.0,0.0,0.0,0.0,9804.0,0.0,0.0,0.0,0.0,97.37107849121094,101.03649139404297,
130.0,0.0,0.0,0.0,-0.4444444477558136,0.0,0.0,0.0,0.0,0.0,9822.22265625,0.0,0.0,0.0,0.0,97.57294464111328,100.82443237304688,
131.0,0.0,0.0,0.0,-0.4444444477558136,0.0,0.0,0.0,0.0,0.0,9839.5556640625,0.0,0.0,0.0,0.0,97.81309509277344,100.63090515136719,
132.0,0.0,0.0,0.0,-0.4444444477558136,0.0,0.0,0.0,0.0,0.0,9856.0,0.0,0.0,0.0,0.0,98.08773040771484,100.45896911621094,
133.0,0.0,0.0,0.0,-0.4444444477558136,0.0,0.0,0.0,0.0,0.0,9871.5556640625,0.0,0.0,0.0,0.0,98.39252471923828,100.31134033203125,
134.0,0.0,0.0,0.0,-0.4444444477558136,0.0,0.0,0.0,0.0,0.0,9886.22265625,0.0,0.0,0.0,0.0,98.72265625,100.19034576416016,
135.0,0.0,0.0,0.0,-0.4444444477558136,0.0,0.0,0.0,0.0,0.0,9900.0,0.0,0.0,0.0,0.0,99.07295227050781,100.09788513183594,
136.0,0.0,0.0,0.0,-0.4444444477558136,0.0,0.0,0.0,0.0,0.0,9912.888671875,0.0,0.0,0.0,0.0,99.43785858154297,100.0354232788086,
137.0,0.0,0.0,0.0,-0.4444444477558136,0.0,0.0,0.0,0.0,0.0,9924.888671875,0.0,0.0,0.0,0.0,99.81163024902344,100.00394439697266,
138.0,0.0,0.0,0.0,-0.4444444477558136,0.0,0.0,0.0,0.0,0.0,9936.0,0.0,0.0,0.0,0.0,100.18836975097656,100.00394439697266,
139.0,0.0,0.0,0.0,-0.4444444477558136,0.0,0.0,0.0,0.0,0.0,9946.22265625,0.0,0.0,0.0,0.0,100.56214904785156,100.0354232788086,
140.0,0.0,0.0,0.0,-0.4444444477558136,0.0,0.0,0.0,0.0,0.0,9955.5556640625,0.0,0.0,0.0,0.0,100.92705535888672,100.09788513183594,
141.0,0.0,0.0,0.0,-0.4444444477558136,0.0,0.0,0.0,0.0,0.0,9964.0,0.0,0.0,0.0,0.0,101.27733612060547,100.19034576416016,
142.0,0.0,0.0,0.0,-0.4444444477558136,0.0,0.0,0.0,0.0,0.0,9971.5556640625,0.0,0.0,0.0,0.0,101.60748291015625,100.31134033203125,
143.0,0.0,0.0,0.0,-0.4444444477558136,0.0,0.0,0.0,0.0,0.0,9978.22265625,0.0,0.0,0.0,0.0,101.91227722167969,100.45897674560547,
144.0,0.0,0.0,0.0,-0.4444444477558136,0.0,0.0,0.0,0.0,0.0,9984.0,0.0,0.0,0.0,0.0,102.18690490722656,100.63090515136719,
145.0,0.0,0.0,0.0,-0.4444444477558136,0.0,0.0,0.0,0.0,0.0,9988.888671875,0.0,0.0,0.0,0.0,102.42704772949219,100.82443237304688,
146.0,0.0,0.0,0.0,-0.4444444477558136,0.0,0.0,0.0,0.0,0.0,9992.888671875,0.0,0.0,0.0,0.0,102.62892150878906,101.03649139404297,
147.0,0.0,0.0,0.0,-0.4444444477558136,0.0,0.0,0.0,0.0,0.0,9996.0,0.0,0.0,0.0,0.0,102.7893295288086,101.26375579833984,
148.0,0.0,0.0,0.0,-0.4444444477558136,0.0,0.0,0.0,0.0,0.0,9998.22265625,0.0,0.0,0.0,0.0,102.90574645996094,101.50261688232422,
149.0,0.0,0.0,0.0,-0.4444444477558136,0.0,0.0,0.0,0.0,0.0,9999.5556640625,0.0,0.0,0.0,0.0,102.9763412475586,101.74933624267578,
150.0,0.0,0.0,0.0,0.0,0.0,0.0,0.0,0.0,0.0,9520.0,0.0,-0.0,0.0,-0.0,103.0,102.0,
151.0,0.0,0.0,0.0,0.0,0.0,0.0,0.0,0.0,0.0,9516.7998046875,1.0,-0.5,1.0,-0.5,102.9763412475586,102.25066375732422,
152.0,0.0,0.0,0.0,0.0,0.0,0.0,0.0,0.0,0.0,9513.599609375,2.0,-1.0,2.0,-1.0,102.90574645996094,102.49738311767578,
153.0,0.0,0.0,0.0,0.0,0.0,0.0,0.0,0.0,0.0,9510.400390625,3.0,-1.5,3.0,-1.5,102.7893295288086,102.73625183105469,
154.0,0.0,0.0,0.0,0.0,0.0,0.0,0.0,0.0,0.0,9507.2001953125,4.0,-2.0,4.0,-2.0,102.62892150878906,102.96350860595703,
155.0,0.0,0.0,0.0,0.0,0.0,0.0,0.0,0.0,0.0,9504.0,5.0,-2.5,5.0,-2.5,102.42704772949219,103.17556762695312,
156.0,0.0,0.0,0.0,0.0,0.0,0.0,0.0,0.0,0.0,9500.7998046875,6.0,-3.0,6.0,-3.0,102.18690490722656,103.36909484863281,
157.0,0.0,0.0,0.0,0.0,0.0,0.0,0.0,0.0,0.0,9497.599609375,7.0,-3.5,7.0,-3.5,101.91226959228516,103.54102325439453,
158.0,0.0,0.0,0.0,0.0,0.0,0.0,0.0,0.0,0.0,9494.400390625,8.0,-4.0,8.0,-4.0,101.60748291015625,103.68865966796875,
159.0,0.0,0.0,0.0,0.0,0.0,0.0,0.0,0.0,0.0,9491.2001953125,9.0,-4.5,9.0,-4.5,101.27733612060547,103.80965423583984,
160.0,0.0,0.0,0.0,0.0,0.0,0.0,0.0,0.0,0.0,9488.0,10.0,-5.0,10.0,-5.0,100.92704772949219,103.90211486816406,
161.0,0.0,0.0,0.0,0.0,0.0,0.0,0.0,0.0,0.0,9484.7998046875,11.0,-5.5,11.0,-5.5,100.56214141845703,103.9645767211914,
162.0,0.0,0.0,0.0,0.0,0.0,0.0,0.0,0.0,0.0,9481.599609375,12.0,-6.0,12.0,-6.0,100.18836975097656,103.99605560302734,
163.0,0.0,0.0,0.0,0.0,0.0,0.0,0.0,0.0,0.0,9478.400390625,13.0,-6.5,13.0,-6.5,99.81163024902344,103.99605560302734,
164.0,0.0,0.0,0.0,0.0,0.0,0.0,0.0,0.0,0.0,9475.2001953125,14.0,-7.0,14.0,-7.0,99.43785095214844,103.9645767211914,
165.0,0.0,0.0,0.0,0.0,0.0,0.0,0.0,0.0,0.0,9472.0,15.0,-7.5,15.0,-7.5,99.07294464111328,103.90211486816406,
166.0,0.0,0.0,0.0,0.0,0.0,0.0,0.0,0.0,0.0,9468.7998046875,16.0,-8.0,16.0,-8.0,98.72265625,103.80965423583984,
167.0,0.0,0.0,0.0,0.0,0.0,0.0,0.0,0.0,0.0,9465.599609375,17.0,-8.5,17.0,-8.5,98.39251708984375,103.68865203857422,
168.0,0.0,0.0,0.0,0.0,0.0,0.0,0.0,0.0,0.0,9462.400390625,18.0,-9.0,18.0,-9.0,98.08772277832031,103.54102325439453,
169.0,0.0,0.0,0.0,0.0,0.0,0.0,0.0,0.0,0.0,9459.2001953125,19.0,-9.5,19.0,-9.5,97.81309509277344,103.36909484863281,
170.0,0.0,0.0,0.0,0.0,0.0,0.0,0.0,0.0,0.0,9456.0,20.0,-10.0,20.0,-10.0,97.57295227050781,103.17557525634766,
171.0,0.0,0.0,0.0,0.0,0.0,0.0,0.0,0.0,0.0,9452.7998046875,21.0,-10.5,21.0,-10.5,97.37107849121094,102.96350860595703,
172.0,0.0,0.0,0.0,0.0,0.0,0.0,0.0,0.0,0.0,9449.599609375,22.0,-11.0,22.0,-11.0,97.2106704711914,102.73624420166016,
173.0,0.0,0.0,0.0,0.0,0.0,0.0,0.0,0.0,0.0,9446.400390625,23.0,-11.5,23.0,-11.5,97.09425354003906,102.49737548828125,
174.0,0.0,0.0,0.0,0.0,0.0,0.0,0.0,0.0,0.0,9443.2001953125,24.0,-12.0,24.0,-12.0,97.0236587524414,102.25066375732422,
175.0,0.0,0.0,0.0,0.0,0.0,0.0,0.0,0.0,0.0,9440.0,25.0,-12.5,25.0,-12.5,97.0,102.0,
176.0,0.0,0.0,0.0,0.0,0.0,0.0,0.0,0.0,0.0,9436.7998046875,26.0,-13.0,26.0,-13.0,97.0236587524414,101.74932861328125,
177.0,0.0,0.0,0.0,0.0,0.0,0.0,0.0,0.0,0.0,9433.599609375,27.0,-13.5,27.0,-13.5,97.09425354003906,101.50262451171875,
178.0,0.0,0.0,0.0,0.0,0.0,0.0,0.0,0.0,0.0,9430.400390625,28.0,-14.0,28.0,-14.0,97.2106704711914,101.26374816894531,
179.0,0.0,0.0,0.0,0.0,0.0,0.0,0.0,0.0,0.0,9427.2001953125,29.0,-14.5,29.0,-14.5,97.37107849121094,101.03649139404297,
180.0,0.0,0.0,0.0,0.0,0.0,0.0,0.0,0.0,0.0,9424.0,30.0,-15.0,30.0,-15.0,97.57295227050781,100.82442474365234,
181.0,0.0,0.0,0.0,0.0,0.0,0.0,0.0,0.0,0.0,9420.7998046875,31.0,-15.5,31.0,-15.5,97.81309509277344,100.63090515136719,
182.0,0.0,0.0,0.0,0.0,0.0,0.0,0.0,0.0,0.0,9417.599609375,32.0,-16.0,32.0,-16.0,98.08773040771484,100.45896911621094,
183.0,0.0,0.0,0.0,0.0,0.0,0.0,0.0,0.0,0.0,9414.400390625,33.0,-16.5,33.0,-16.5,98.39252471923828,100.31134033203125,
184.0,0.0,0.0,0.0,0.0,0.0,0.0,0.0,0.0,0.0,9411.2001953125,34.0,-17.0,34.0,-17.0,98.72266387939453,100.19034576416016,
185.0,0.0,0.0,0.0,0.0,0.0,0.0,0.0,0.0,0.0,9408.0,35.0,-17.5,35.0,-17.5,99.07295227050781,100.09788513183594,
186.0,0.0,0.0,0.0,0.0,0.0,0.0,0.0,0.0,0.0,9404.7998046875,36.0,-18.0,36.0,-18.0,99.43785858154297,100.0354232788086,
187.0,0.0,0.0,0.0,0.0,0.0,0.0,0.0,0.0,0.0,9401.599609375,37.0,-18.5,37.0,-18.5,99.81163024902344,100.00394439697266,
188.0,0.0,0.0,0.0,0.0,0.0,0.0,0.0,0.0,0.0,9398.400390625,38.0,-19.0,38.0,-19.0,100.1883773803711,100.00394439697266,
189.0,0.0,0.0,0.0,0.0,0.0,0.0,0.0,0.0,0.0,9395.2001953125,39.0,-19.5,39.0,-19.5,100.56214904785156,100.0354232788086,
190.0,0.0,0.0,0.0,0.0,0.0,0.0,0.0,0.0,0.0,9392.0,40.0,-20.0,40.0,-20.0,100.92705535888672,100.09788513183594,
191.0,0.0,0.0,0.0,0.0,0.0,0.0,0.0,0.0,0.0,9388.7998046875,41.0,-20.5,41.0,-20.5,101.27733612060547,100.19034576416016,
192.0,0.0,0.0,0.0,0.0,0.0,0.0,0.0,0.0,0.0,9385.599609375,42.0,-21.0,42.0,-21.0,101.60748291015625,100.31134796142578,
193.0,0.0,0.0,0.0,0.0,0.0,0.0,0.0,0.0,0.0,9382.400390625,43.0,-21.5,43.0,-21.5,101.91226959228516,100.45897674560547,
194.0,0.0,0.0,0.0,0.0,0.0,0.0,0.0,0.0,0.0,9379.2001953125,44.0,-22.0,44.0,-22.0,102.18690490722656,100.63090515136719,
195.0,0.0,0.0,0.0,0.0,0.0,0.0,0.0,0.0,0.0,9376.0,45.0,-22.5,45.0,-22.5,102.42705535888672,100.82443237304688,
196.0,0.0,0.0,0.0,0.0,0.0,0.0,0.0,0.0,0.0,9372.7998046875,46.0,-23.0,46.0,-23.0,102.62892150878906,101.0364990234375,
197.0,0.0,0.0,0.0,0.0,0.0,0.0,0.0,0.0,0.0,9369.599609375,47.0,-23.5,47.0,-23.5,102.7893295288086,101.26375579833984,
198.0,0.0,0.0,0.0,0.0,0.0,0.0,0.0,0.0,0.0,9366.400390625,48.0,-24.0,48.0,-24.0,102.90574645996094,101.50262451171875,
199.0,0.0,0.0,0.0,0.0,0.0,0.0,0.0,0.0,0.0,9363.2001953125,49.0,-24.5,49.0,-24.5,102.9763412475586,101.74933624267578,
200.0,0.0,0.0,0.0,0.0,0.0,0.0,0.0,0.0,0.0,9360.0,50.0,-25.0,50.0,-25.0,103.0,102.0,
201.0,0.0,0.0,0.0,0.0,0.0,0.0,0.0,0.0,0.0,9356.7998046875,51.0,-25.5,51.0,-25.5,102.9763412475586,102.25067138671875,
202.0,0.0,0.0,0.0,0.0,0.0,0.0,0.0,0.0,0.0,9353.599609375,52.0,-26.0,52.0,-26.0,102.90574645996094,102.49738311767578,
203.0,0.0,0.0,0.0,0.0,0.0,0.0,0.0,0.0,0.0,9350.400390625,53.0,-26.5,53.0,-26.5,102.7893295288086,102.73625183105469,
204.0,0.0,0.0,0.0,0.0,0.0,0.0,0.0,0.0,0.0,9347.2001953125,54.0,-27.0,54.0,-27.0,102.62891387939453,102.96350860595703,
205.0,0.0,0.0,0.0,0.0,0.0,0.0,0.0,0.0,0.0,9344.0,55.0,-27.5,55.0,-27.5,102.42705535888672,103.17556762695312,
206.0,0.0,0.0,0.0,0.0,0.0,0.0,0.0,0.0,0.0,9340.7998046875,56.0,-28.0,56.0,-28.0,102.18690490722656,103.36909484863281,
207.0,0.0,0.0,0.0,0.0,0.0,0.0,0.0,0.0,0.0,9337.599609375,57.0,-28.5,57.0,-28.5,101.91226959228516,103.54103088378906,
208.0,0.0,0.0,0.0,0.0,0.0,0.0,0.0,0.0,0.0,9334.400390625,58.0,-29.0,58.0,-29.0,101.60747528076172,103.68865966796875,
209.0,0.0,0.0,0.0,0.0,0.0,0.0,0.0,0.0,0.0,9331.2001953125,59.0,-29.5,59.0,-29.5,101.27733612060547,103.80965423583984,
210.0,0.0,0.0,0.0,0.0,0.0,0.0,0.0,0.0,0.0,9328.0,60.0,-30.0,60.0,-30.0,100.92704772949219,103.90211486816406,
211.0,0.0,0.0,0.0,0.0,0.0,0.0,0.0,0.0,0.0,9324.7998046875,61.0,-30.5,61.0,-30.5,100.56214141845703,103.9645767211914,
212.0,0.0,0.0,0.0,0.0,0.0,0.0,0.0,0.0,0.0,9321.599609375,62.0,-31.0,62.0,-31.0,100.18836975097656,103.99605560302734,
213.0,0.0,0.0,0.0,0.0,0.0,0.0,0.0,0.0,0.0,9318.400390625,63.0,-31.5,63.0,-31.5,99.81163024902344,103.99605560302734,
214.0,0.0,0.0,0.0,0.0,0.0,0.0,0.0,0.0,0.0,9315.2001953125,64.0,-32.0,64.0,-32.0,99.43785095214844,103.9645767211914,
215.0,0.0,0.0,0.0,0.0,0.0,0.0,0.0,0.0,0.0,9312.0,65.0,-32.5,65.0,-32.5,99.07294464111328,103.90211486816406,
216.0,0.0,0.0,0.0,0.0,0.0,0.0,0.0,0.0,0.0,9308.7998046875,66.0,-33.0,66.0,-33.0,98.72265625,103.80965423583984,
217.0,0.0,0.0,0.0,0.0,0.0,0.0,0.0,0.0,0.0,9305.599609375,67.0,-33.5,67.0,-33.5,98.39251708984375,103.68865203857422,
218.0,0.0,0.0,0.0,0.0,0.0,0.0,0.0,0.0,0.0,9302.400390625,68.0,-34.0,68.0,-34.0,98.08773040771484,103.54102325439453,
219.0,0.0,0.0,0.0,0.0,0.0,0.0,0.0,0.0,0.0,9299.2001953125,69.0,-34.5,69.0,-34.5,97.81309509277344,103.36909484863281,
220.0,0.0,0.0,0.0,0.0,0.0,0.0,0.0,0.0,0.0,9296.0,70.0,-35.0,70.0,-35.0,97.57295227050781,103.17556762695312,
221.0,0.0,0.0,0.0,0.0,0.0,0.0,0.0,0.0,0.0,9292.7998046875,71.0,-35.5,71.0,-35.5,97.37107849121094,102.96350860595703,
222.0,0.0,0.0,0.0,0.0,0.0,0.0,0.0,0.0,0.0,9289.599609375,72.0,-36.0,72.0,-36.0,97.2106704711914,102.73624420166016,
223.0,0.0,0.0,0.0,0.0,0.0,0.0,0.0,0.0,0.0,9286.400390625,73.0,-36.5,73.0,-36.5,97.09424591064453,102.49737548828125,
224.0,0.0,0.0,0.0,0.0,0.0,0.0,0.0,0.0,0.0,9283.2001953125,74.0,-37.0,74.0,-37.0,97.0236587524414,102.25066375732422,
225.0,0.0,0.0,0.0,0.0,0.0,0.0,0.0,0.0,0.0,9280.0,75.0,-37.5,75.0,-37.5,97.0,102.0,
226.0,0.0,0.0,0.0,0.0,0.0,0.0,0.0,0.0,0.0,9276.7998046875,76.0,-38.0,76.0,-38.0,97.0236587524414,101.74933624267578,
227.0,0.0,0.0,0.0,0.0,0.0,0.0,0.0,0.0,0.0,9273.599609375,77.0,-38.5,77.0,-38.5,97.09425354003906,101.50261688232422,
228.0,0.0,0.0,0.0,0.0,0.0,0.0,0.0,0.0,0.0,9270.400390625,78.0,-39.0,78.0,-39.0,97.2106704711914,101.26374816894531,
229.0,0.0,0.0,0.0,0.0,0.0,0.0,0.0,0.0,0.0,9267.2001953125,79.0,-39.5,79.0,-39.5,97.37107849121094,101.03649139404297,
230.0,0.0,0.0,0.0,0.0,0.0,0.0,0.0,0.0,0.0,9264.0,80.0,-40.0,80.0,-40.0,97.57295227050781,100.82442474365234,
231.0,0.0,0.0,0.0,0.0,0.0,0.0,0.0,0.0,0.0,9260.7998046875,81.0,-40.5,81.0,-40.5,97.81309509277344,100.63090515136719,
232.0,0.0,0.0,0.0,0.0,0.0,0.0,0.0,0.0,0.0,9257.599609375,82.0,-41.0,82.0,-41.0,98.08773040771484,100.45897674560547,
233.0,0.0,0.0,0.0,0.0,0.0,0.0,0.0,0.0,0.0,9254.400390625,83.0,-41.5,83.0,-41.5,98.39251708984375,100.31134033203125,
234.0,0.0,0.0,0.0,0.0,0.0,0.0,0.0,0.0,0.0,9251.2001953125,84.0,-42.0,84.0,-42.0,98.72266387939453,100.19034576416016,
235.0,0.0,0.0,0.0,0.0,0.0,0.0,0.0,0.0,0.0,9248.0,85.0,-42.5,85.0,-42.5,99.07295227050781,100.09788513183594,
236.0,0.0,0.0,0.0,0.0,0.0,0.0,0.0,0.0,0.0,9244.7998046875,86.0,-43.0,86.0,-43.0,99.43785858154297,100.0354232788086,
237.0,0.0,0.0,0.0,0.0,0.0,0.0,0.0,0.0,0.0,9241.599609375,87.0,-43.5,87.0,-43.5,99.81163024902344,100.00394439697266,
238.0,0.0,0.0,0.0,0.0,0.0,0.0,0.0,0.0,0.0,9238.400390625,88.0,-44.0,88.0,-44.0,100.1883773803711,100.00394439697266,
239.0,0.0,0.0,0.0,0.0,0.0,0.0,0.0,0.0,0.0,9235.2001953125,89.0,-44.5,89.0,-44.5,100.56214141845703,100.0354232788086,
240.0,0.0,0.0,0.0,0.0,0.0,0.0,0.0,0.0,0.0,9232.0,90.0,-45.0,90.0,-45.0,100.92705535888672,100.09788513183594,
241.0,0.0,0.0,0.0,0.0,0.0,0.0,0.0,0.0,0.0,9228.7998046875,91.0,-45.5,91.0,-45.5,101.27734375,100.19034576416016,
242.0,0.0,0.0,0.0,0.0,0.0,0.0,0.0,0.0,0.0,9225.599609375,92.0,-46.0,92.0,-46.0,101.60748291015625,100.31134796142578,
243.0,0.0,0.0,0.0,0.0,0.0,0.0,0.0,0.0,0.0,9222.400390625,93.0,-46.5,93.0,-46.5,101.91227722167969,100.45897674560547,
244.0,0.0,0.0,0.0,0.0,0.0,0.0,0.0,0.0,0.0,9219.2001953125,94.0,-47.0,94.0,-47.0,102.18690490722656,100.63090515136719,
245.0,0.0,0.0,0.0,0.0,0.0,0.0,0.0,0.0,0.0,9216.0,95.0,-47.5,95.0,-47.5,102.42705535888672,100.82443237304688,
246.0,0.0,0.0,0.0,0.0,0.0,0.0,0.0,0.0,0.0,9212.7998046875,96.0,-48.0,96.0,-48.0,102.62892150878906,101.03649139404297,
247.0,0.0,0.0,0.0,0.0,0.0,0.0,0.0,0.0,0.0,9209.599609375,97.0,-48.5,97.0,-48.5,102.7893295288086,101.26374816894531,
248.0,0.0,0.0,0.0,0.0,0.0,0.0,0.0,0.0,0.0,9206.400390625,98.0,-49.0,98.0,-49.0,102.90574645996094,101.50262451171875,
249.0,0.0,0.0,0.0,0.0,0.0,0.0,0.0,0.0,0.0,9203.2001953125,99.0,-49.5,99.0,-49.5,102.9763412475586,101.74933624267578,
250.0,0.0,0.0,0.0,0.0,0.0,0.0,0.0,0.0,0.0,9200.0,100.0,-50.0,100.0,-50.0,103.0,102.0,
251.0,0.0,0.0,0.0,0.0,0.0,0.0,0.0,0.0,0.0,9196.7998046875,101.0,-50.5,101.0,-50.5,102.9763412475586,102.25067138671875,
252.0,0.0,0.0,0.0,0.0,0.0,0.0,0.0,0.0,0.0,9193.599609375,102.0,-51.0,102.0,-51.0,102.90574645996094,102.49738311767578,
253.0,0.0,0.0,0.0,0.0,0.0,0.0,0.0,0.0,0.0,9190.400390625,103.0,-51.5,103.0,-51.5,102.7893295288086,102.73625183105469,
254.0,0.0,0.0,0.0,0.0,0.0,0.0,0.0,0.0,0.0,9187.2001953125,104.0,-52.0,104.0,-52.0,102.62892150878906,102.96350860595703,
255.0,0.0,0.0,0.0,0.0,0.0,0.0,0.0,0.0,0.0,9184.0,105.0,-52.5,105.0,-52.5,102.42704772949219,103.17557525634766,
256.0,0.0,0.0,0.0,0.0,0.0,0.0,0.0,0.0,0.0,9180.7998046875,106.0,-53.0,106.0,-53.0,102.18690490722656,103.36909484863281,
257.0,0.0,0.0,0.0,0.0,0.0,0.0,0.0,0.0,0.0,9177.599609375,107.0,-53.5,107.0,-53.5,101.91226959228516,103.54103088378906,
258.0,0.0,0.0,0.0,0.0,0.0,0.0,0.0,0.0,0.0,9174.400390625,108.0,-54.0,108.0,-54.0,101.60747528076172,103.68865966796875,
259.0,0.0,0.0,0.0,0.0,0.0,0.0,0.0,0.0,0.0,9171.2001953125,109.0,-54.5,109.0,-54.5,101.27733612060547,103.80965423583984,
260.0,0.0,0.0,0.0,0.0,0.0,0.0,0.0,0.0,0.0,9168.0,110.0,-55.0,110.0,-55.0,100.92705535888672,103.90211486816406,
261.0,0.0,0.0,0.0,0.0,0.0,0.0,0.0,0.0,0.0,9164.7998046875,111.0,-55.5,111.0,-55.5,100.56214141845703,103.9645767211914,
262.0,0.0,0.0,0.0,0.0,0.0,0.0,0.0,0.0,0.0,9161.599609375,112.0,-56.0,112.0,-56.0,100.18836212158203,103.99605560302734,
263.0,0.0,0.0,0.0,0.0,0.0,0.0,0.0,0.0,0.0,9158.400390625,113.0,-56.5,113.0,-56.5,99.8116226196289,103.99605560302734,
264.0,0.0,0.0,0.0,0.0,0.0,0.0,0.0,0.0,0.0,9155.2001953125,114.0,-57.0,114.0,-57.0,99.43785095214844,103.9645767211914,
265.0,0.0,0.0,0.0,0.0,0.0,0.0,0.0,0.0,0.0,9152.0,115.0,-57.5,115.0,-57.5,99.07294464111328,103.90211486816406,
266.0,0.0,0.0,0.0,0.0,0.0,0.0,0.0,0.0,0.0,9148.7998046875,116.0,-58.0,116.0,-58.0,98.72265625,103.80965423583984,
267.0,0.0,0.0,0.0,0.0,0.0,0.0,0.0,0.0,0.0,9145.599609375,117.0,-58.5,117.0,-58.5,98.39252471923828,103.68865966796875,
268.0,0.0,0.0,0.0,0.0,0.0,0.0,0.0,0.0,0.0,9142.400390625,118.0,-59.0,118.0,-59.0,98.08773040771484,103.54103088378906,
269.0,0.0,0.0,0.0,0.0,0.0,0.0,0.0,0.0,0.0,9139.2001953125,119.0,-59.5,119.0,-59.5,97.8130874633789,103.36908721923828,
270.0,0.0,0.0,0.0,0.0,0.0,0.0,0.0,0.0,0.0,9136.0,120.0,-60.0,120.0,-60.0,97.57294464111328,103.17556762695312,
271.0,0.0,0.0,0.0,0.0,0.0,0.0,0.0,0.0,0.0,9132.7998046875,121.0,-60.5,121.0,-60.5,97.37107849121094,102.9635009765625,
272.0,0.0,0.0,0.0,0.0,0.0,0.0,0.0,0.0,0.0,9129.599609375,122.0,-61.0,122.0,-61.0,97.2106704711914,102.73624420166016,
273.0,0.0,0.0,0.0,0.0,0.0,0.0,0.0,0.0,0.0,9126.400390625,123.0,-61.5,123.0,-61.5,97.09424591064453,102.49737548828125,
274.0,0.0,0.0,0.0,0.0,0.0,0.0,0.0,0.0,0.0,9123.2001953125,124.0,-62.0,124.0,-62.0,97.0236587524414,102.25067138671875,
275.0,0.0,0.0,0.0,0.0,0.0,0.0,0.0,0.0,0.0,9120.0,125.0,-62.5,125.0,-62.5,97.0,102.0,
276.0,0.0,0.0,0.0,0.0,0.0,0.0,0.0,0.0,0.0,9116.7998046875,126.0,-63.0,126.0,-63.0,97.0236587524414,101.74933624267578,
277.0,0.0,0.0,0.0,0.0,0.0,0.0,0.0,0.0,0.0,9113.599609375,127.0,-63.5,127.0,-63.5,97.09425354003906,101.50261688232422,
278.0,0.0,0.0,0.0,0.0,0.0,0.0,0.0,0.0,0.0,9110.400390625,128.0,-64.0,128.0,-64.0,97.2106704711914,101.26374816894531,
279.0,0.0,0.0,0.0,0.0,0.0,0.0,0.0,0.0,0.0,9107.2001953125,129.0,-64.5,129.0,-64.5,97.37108612060547,101.03649139404297,
280.0,0.0,0.0,0.0,0.0,0.0,0.0,0.0,0.0,0.0,9104.0,130.0,-65.0,130.0,-65.0,97.57295227050781,100.82442474365234,
281.0,0.0,0.0,0.0,0.0,0.0,0.0,0.0,0.0,0.0,9100.7998046875,131.0,-65.5,131.0,-65.5,97.81309509277344,100.63090515136719,
282.0,0.0,0.0,0.0,0.0,0.0,0.0,0.0,0.0,0.0,9097.599609375,132.0,-66.0,132.0,-66.0,98.08772277832031,100.45897674560547,
283.0,0.0,0.0,0.0,0.0,0.0,0.0,0.0,0.0,0.0,9094.400390625,133.0,-66.5,133.0,-66.5,98.39251708984375,100.31134796142578,
284.0,0.0,0.0,0.0,0.0,0.0,0.0,0.0,0.0,0.0,9091.2001953125,134.0,-67.0,134.0,-67.0,98.72266387939453,100.19034576416016,
285.0,0.0,0.0,0.0,0.0,0.0,0.0,0.0,0.0,0.0,9088.0,135.0,-67.5,135.0,-67.5,99.07295989990234,100.09788513183594,
286.0,0.0,0.0,0.0,0.0,0.0,0.0,0.0,0.0,0.0,9084.7998046875,136.0,-68.0,136.0,-68.0,99.4378662109375,100.0354232788086,
287.0,0.0,0.0,0.0,0.0,0.0,0.0,0.0,0.0,0.0,9081.599609375,137.0,-68.5,137.0,-68.5,99.81163787841797,100.00394439697266,
288.0,0.0,0.0,0.0,0.0,0.0,0.0,0.0,0.0,0.0,9078.400390625,138.0,-69.0,138.0,-69.0,100.18836975097656,100.00394439697266,
289.0,0.0,0.0,0.0,0.0,0.0,0.0,0.0,0.0,0.0,9075.2001953125,139.0,-69.5,139.0,-69.5,100.56214141845703,100.0354232788086,
290.0,0.0,0.0,0.0,0.0,0.0,0.0,0.0,0.0,0.0,9072.0,140.0,-70.0,140.0,-70.0,100.92704772949219,100.09788513183594,
291.0,0.0,0.0,0.0,0.0,0.0,0.0,0.0,0.0,0.0,9068.7998046875,141.0,-70.5,141.0,-70.5,101.27733612060547,100.19034576416016,
292.0,0.0,0.0,0.0,0.0,0.0,0.0,0.0,0.0,0.0,9065.599609375,142.0,-71.0,142.0,-71.0,101.60748291015625,100.31134033203125,
293.0,0.0,0.0,0.0,0.0,0.0,0.0,0.0,0.0,0.0,9062.400390625,143.0,-71.5,143.0,-71.5,101.91227722167969,100.45897674560547,
294.0,0.0,0.0,0.0,0.0,0.0,0.0,0.0,0.0,0.0,9059.2001953125,144.0,-72.0,144.0,-72.0,102.1869125366211,100.63091278076172,
295.0,0.0,0.0,0.0,0.0,0.0,0.0,0.0,0.0,0.0,9056.0,145.0,-72.5,145.0,-72.5,102.42704772949219,100.82443237304688,
296.0,0.0,0.0,0.0,0.0,0.0,0.0,0.0,0.0,0.0,9052.7998046875,146.0,-73.0,146.0,-73.0,102.62892150878906,101.03649139404297,
297.0,0.0,0.0,0.0,0.0,0.0,0.0,0.0,0.0,0.0,9049.599609375,147.0,-73.5,147.0,-73.5,102.7893295288086,101.26374816894531,
298.0,0.0,0.0,0.0,0.0,0.0,0.0,0.0,0.0,0.0,9046.400390625,148.0,-74.0,148.0,-74.0,102.90574645996094,101.50261688232422,
299.0,0.0,0.0,0.0,0.0,0.0,0.0,0.0,0.0,0.0,9043.2001953125,149.0,-74.5,149.0,-74.5,102.9763412475586,101.74933624267578,
300.0,0.0,0.0,0.0,0.0,0.0,0.0,0.0,0.0,0.0,9040.0,150.0,-75.0,150.0,-75.0,103.0,102.0,
301.0,0.0,0.0,0.0,0.0,0.0,0.0,0.0,0.0,0.0,9036.7998046875,151.0,-75.5,151.0,-75.5,102.9763412475586,102.25066375732422,
302.0,0.0,0.0,0.0,0.0,0.0,0.0,0.0,0.0,0.0,9033.599609375,152.0,-76.0,152.0,-76.0,102.90574645996094,102.49738311767578,
303.0,0.0,0.0,0.0,0.0,0.0,0.0,0.0,0.0,0.0,9030.400390625,153.0,-76.5,153.0,-76.5,102.7893295288086,102.73625183105469,
304.0,0.0,0.0,0.0,0.0,0.0,0.0,0.0,0.0,0.0,9027.2001953125,154.0,-77.0,154.0,-77.0,102.62892150878906,102.96350860595703,
305.0,0.0,0.0,0.0,0.0,0.0,0.0,0.0,0.0,0.0,9024.0,155.0,-77.5,155.0,-77.5,102.42704772949219,103.17556762695312,
306.0,0.0,0.0,0.0,0.0,0.0,0.0,0.0,0.0,0.0,9020.7998046875,156.0,-78.0,156.0,-78.0,102.18690490722656,103.36909484863281,
307.0,0.0,0.0,0.0,0.0,0.0,0.0,0.0,0.0,0.0,9017.599609375,157.0,-78.5,157.0,-78.5,101.91226959228516,103.54103088378906,
308.0,0.0,0.0,0.0,0.0,0.0,0.0,0.0,0.0,0.0,9014.400390625,158.0,-79.0,158.0,-79.0,101.60748291015625,103.68865966796875,
309.0,0.0,0.0,0.0,0.0,0.0,0.0,0.0,0.0,0.0,9011.2001953125,159.0,-79.5,159.0,-79.5,101.27733612060547,103.80965423583984,
310.0,0.0,0.0,0.0,0.0,0.0,0.0,0.0,0.0,0.0,9008.0,160.0,-80.0,160.0,-80.0,100.92704772949219,103.90211486816406,
311.0,0.0,0.0,0.0,0.0,0.0,0.0,0.0,0.0,0.0,9004.7998046875,161.0,-80.5,161.0,-80.5,100.56214141845703,103.9645767211914,
312.0,0.0,0.0,0.0,0.0,0.0,0.0,0.0,0.0,0.0,9001.599609375,162.0,-81.0,162.0,-81.0,100.18836975097656,103.99605560302734,
313.0,0.0,0.0,0.0,0.0,0.0,0.0,0.0,0.0,0.0,8998.400390625,163.0,-81.5,163.0,-81.5,99.8116226196289,103.99605560302734,
314.0,0.0,0.0,0.0,0.0,0.0,0.0,0.0,0.0,0.0,8995.2001953125,164.0,-82.0,164.0,-82.0,99.43785095214844,103.9645767211914,
315.0,0.0,0.0,0.0,0.0,0.0,0.0,0.0,0.0,0.0,8992.0,165.0,-82.5,165.0,-82.5,99.07294464111328,103.90211486816406,
316.0,0.0,0.0,0.0,0.0,0.0,0.0,0.0,0.0,0.0,8988.7998046875,166.0,-83.0,166.0,-83.0,98.72265625,103.80965423583984,
317.0,0.0,0.0,0.0,0.0,0.0,0.0,0.0,0.0,0.0,8985.599609375,167.0,-83.5,167.0,-83.5,98.39251708984375,103.68865203857422,
318.0,0.0,0.0,0.0,0.0,0.0,0.0,0.0,0.0,0.0,8982.400390625,168.0,-84.0,168.0,-84.0,98.08772277832031,103.54102325439453,
319.0,0.0,0.0,0.0,0.0,0.0,0.0,0.0,0.0,0.0,8979.2001953125,169.0,-84.5,169.0,-84.5,97.81309509277344,103.36909484863281,
320.0,0.0,0.0,0.0,0.0,0.0,0.0,0.0,0.0,0.0,8976.0,170.0,-85.0,170.0,-85.0,97.57294464111328,103.17556762695312,
321.0,0.0,0.0,0.0,0.0,0.0,0.0,0.0,0.0,0.0,8972.7998046875,171.0,-85.5,171.0,-85.5,97.37107849121094,102.96350860595703,
322.0,0.0,0.0,0.0,0.0,0.0,0.0,0.0,0.0,0.0,8969.599609375,172.0,-86.0,172.0,-86.0,97.2106704711914,102.73624420166016,
323.0,0.0,0.0,0.0,0.0,0.0,0.0,0.0,0.0,0.0,8966.400390625,173.0,-86.5,173.0,-86.5,97.09425354003906,102.49737548828125,
324.0,0.0,0.0,0.0,0.0,0.0,0.0,0.0,0.0,0.0,8963.2001953125,174.0,-87.0,174.0,-87.0,97.0236587524414,102.25066375732422,
325.0,0.0,0.0,0.0,0.0,0.0,0.0,0.0,0.0,0.0,8960.0,175.0,-87.5,175.0,-87.5,97.0,102.0,
326.0,0.0,0.0,0.0,0.0,0.0,0.0,0.0,0.0,0.0,8956.7998046875,176.0,-88.0,176.0,-88.0,97.02365112304688,101.74933624267578,
327.0,0.0,0.0,0.0,0.0,0.0,0.0,0.0,0.0,0.0,8953.599609375,177.0,-88.5,177.0,-88.5,97.09424591064453,101.50262451171875,
328.0,0.0,0.0,0.0,0.0,0.0,0.0,0.0,0.0,0.0,8950.400390625,178.0,-89.0,178.0,-89.0,97.2106704711914,101.26374816894531,
329.0,0.0,0.0,0.0,0.0,0.0,0.0,0.0,0.0,0.0,8947.2001953125,179.0,-89.5,179.0,-89.5,97.37107849121094,101.03649139404297,
330.0,0.0,0.0,0.0,0.0,0.0,0.0,0.0,0.0,0.0,8944.0,180.0,-90.0,180.0,-90.0,97.57295227050781,100.82442474365234,
331.0,0.0,0.0,0.0,0.0,0.0,0.0,0.0,0.0,0.0,8940.7998046875,181.0,-90.5,181.0,-90.5,97.81309509277344,100.63090515136719,
332.0,0.0,0.0,0.0,0.0,0.0,0.0,0.0,0.0,0.0,8937.599609375,182.0,-91.0,182.0,-91.0,98.08773040771484,100.45896911621094,
333.0,0.0,0.0,0.0,0.0,0.0,0.0,0.0,0.0,0.0,8934.400390625,183.0,-91.5,183.0,-91.5,98.39252471923828,100.31134033203125,
334.0,0.0,0.0,0.0,0.0,0.0,0.0,0.0,0.0,0.0,8931.2001953125,184.0,-92.0,184.0,-92.0,98.72266387939453,100.19034576416016,
335.0,0.0,0.0,0.0,0.0,0.0,0.0,0.0,0.0,0.0,8928.0,185.0,-92.5,185.0,-92.5,99.07295227050781,100.09788513183594,
336.0,0.0,0.0,0.0,0.0,0.0,0.0,0.0,0.0,0.0,8924.7998046875,186.0,-93.0,186.0,-93.0,99.43785858154297,100.0354232788086,
337.0,0.0,0.0,0.0,0.0,0.0,0.0,0.0,0.0,0.0,8921.599609375,187.0,-93.5,187.0,-93.5,99.81163787841797,100.00394439697266,
338.0,0.0,0.0,0.0,0.0,0.0,0.0,0.0,0.0,0.0,8918.400390625,188.0,-94.0,188.0,-94.0,100.1883773803711,100.00394439697266,
339.0,0.0,0.0,0.0,0.0,0.0,0.0,0.0,0.0,0.0,8915.2001953125,189.0,-94.5,189.0,-94.5,100.56214904785156,100.0354232788086,
340.0,0.0,0.0,0.0,0.0,0.0,0.0,0.0,0.0,0.0,8912.0,190.0,-95.0,190.0,-95.0,100.92704772949219,100.09788513183594,
341.0,0.0,0.0,0.0,0.0,0.0,0.0,0.0,0.0,0.0,8908.7998046875,191.0,-95.5,191.0,-95.5,101.27733612060547,100.19034576416016,
342.0,0.0,0.0,0.0,0.0,0.0,0.0,0.0,0.0,0.0,8905.599609375,192.0,-96.0,192.0,-96.0,101.60747528076172,100.31134033203125,
343.0,0.0,0.0,0.0,0.0,0.0,0.0,0.0,0.0,0.0,8902.400390625,193.0,-96.5,193.0,-96.5,101.91226959228516,100.45896911621094,
344.0,0.0,0.0,0.0,0.0,0.0,0.0,0.0,0.0,0.0,8899.2001953125,194.0,-97.0,194.0,-97.0,102.1869125366211,100.63091278076172,
345.0,0.0,0.0,0.0,0.0,0.0,0.0,0.0,0.0,0.0,8896.0,195.0,-97.5,195.0,-97.5,102.42705535888672,100.82443237304688,
346.0,0.0,0.0,0.0,0.0,0.0,0.0,0.0,0.0,0.0,8892.7998046875,196.0,-98.0,196.0,-98.0,102.62892150878906,101.0364990234375,
347.0,0.0,0.0,0.0,0.0,0.0,0.0,0.0,0.0,0.0,8889.599609375,197.0,-98.5,197.0,-98.5,102.7893295288086,101.26375579833984,
348.0,0.0,0.0,0.0,0.0,0.0,0.0,0.0,0.0,0.0,8886.400390625,198.0,-99.0,198.0,-99.0,102.90575408935547,101.50262451171875,
349.0,0.0,0.0,0.0,0.0,0.0,0.0,0.0,0.0,0.0,8883.2001953125,199.0,-99.5,199.0,-99.5,102.9763412475586,101.74933624267578,
350.0,0.0,0.0,0.0,0.0,0.0,0.0,0.0,0.0,0.0,8880.0,200.0,-100.0,200.0,-100.0,103.0,102.00000762939453,
351.0,0.0,0.0,0.0,0.0,0.0,0.0,0.0,0.0,0.0,8876.7998046875,201.0,-100.5,201.0,-100.5,102.9763412475586,102.25067138671875,
352.0,0.0,0.0,0.0,0.0,0.0,0.0,0.0,0.0,0.0,8873.599609375,202.0,-101.0,202.0,-101.0,102.90574645996094,102.49738311767578,
353.0,0.0,0.0,0.0,0.0,0.0,0.0,0.0,0.0,0.0,8870.400390625,203.0,-101.5,203.0,-101.5,102.7893295288086,102.73624420166016,
354.0,0.0,0.0,0.0,0.0,0.0,0.0,0.0,0.0,0.0,8867.2001953125,204.0,-102.0,204.0,-102.0,102.62892150878906,102.96350860595703,
355.0,0.0,0.0,0.0,0.0,0.0,0.0,0.0,0.0,0.0,8864.0,205.0,-102.5,205.0,-102.5,102.42705535888672,103.17556762695312,
356.0,0.0,0.0,0.0,0.0,0.0,0.0,0.0,0.0,0.0,8860.7998046875,206.0,-103.0,206.0,-103.0,102.18690490722656,103.36909484863281,
357.0,0.0,0.0,0.0,0.0,0.0,0.0,0.0,0.0,0.0,8857.599609375,207.0,-103.5,207.0,-103.5,101.91227722167969,103.54102325439453,
358.0,0.0,0.0,0.0,0.0,0.0,0.0,0.0,0.0,0.0,8854.400390625,208.0,-104.0,208.0,-104.0,101.60748291015625,103.68865203857422,
359.0,0.0,0.0,0.0,0.0,0.0,0.0,0.0,0.0,0.0,8851.2001953125,209.0,-104.5,209.0,-104.5,101.27733612060547,103.80965423583984,
360.0,0.0,0.0,0.0,0.0,0.0,0.0,0.0,0.0,0.0,8848.0,210.0,-105.0,210.0,-105.0,100.92704010009766,103.90211486816406,
361.0,0.0,0.0,0.0,0.0,0.0,0.0,0.0,0.0,0.0,8844.7998046875,211.0,-105.5,211.0,-105.5,100.5621337890625,103.9645767211914,
362.0,0.0,0.0,0.0,0.0,0.0,0.0,0.0,0.0,0.0,8841.599609375,212.0,-106.0,212.0,-106.0,100.18836212158203,103.99605560302734,
363.0,0.0,0.0,0.0,0.0,0.0,0.0,0.0,0.0,0.0,8838.400390625,213.0,-106.5,213.0,-106.5,99.81161499023438,103.99605560302734,
364.0,0.0,0.0,0.0,0.0,0.0,0.0,0.0,0.0,0.0,8835.2001953125,214.0,-107.0,214.0,-107.0,99.4378433227539,103.9645767211914,
Starting new data acquisition : 2016-06-14 16:04:49.336352,
Starting new data acquisition : 2016-06-14 16:33:35.549065,
Starting new data acquisition : 2016-06-14 16:35:02.669169,
Starting new data acquisition : 2016-06-14 17:40:11.079364,
Starting new data acquisition : 2016-06-14 17:42:52.765612,
Starting new data acquisition : 2016-06-14 18:26:00.569625,
Starting new data acquisition : 2016-06-14 18:36:51.572861,
Starting new data acquisition : 2016-06-14 18:38:30.198502,
Starting new data acquisition : 2016-06-14 18:39:08.660702,
Starting new data acquisition : 2016-06-14 18:46:30.825992,
Starting new data acquisition : 2016-06-14 18:49:28.932179,
Starting new data acquisition : 2016-06-14 18:53:17.642261,
Starting new data acquisition : 2016-06-14 19:01:05.298009,
Starting new data acquisition : 2016-06-14 19:02:02.651289,
Starting new data acquisition : 2016-06-14 19:03:23.050888,
Starting new data acquisition : 2016-06-14 19:05:27.232991,
Starting new data acquisition : 2016-06-14 19:07:28.345918,
Starting new data acquisition : 2016-06-14 19:35:00.887438,
Starting new data acquisition : 2016-08-14 15:46:12.599614,
Starting new data acquisition : 2016-08-20 11:09:05.849977,
Starting new data acquisition : 2016-08-20 11:17:13.063845,
Starting new data acquisition : 2016-08-20 13:53:06.880852,
